{
  "approach_speed_mms": 50.0,
  "depth_mm": 5.0,
  "force_n": 2.0,
  "hold_stable_s": 1.0,
  "hold_timeout_s": 12.0,
  "hold_tol_n": 0.15000000596046448,
  "home_deg": [
    80.0,
    11.0,
    -145.0,
    44.0,
    90.0,
    0.0
  ],
  "kd": 0.0,
  "ki": 0.0005000000237487257,
  "kp": 0.0010000000474974513,
  "mode": "SLIDE",
  "repeats": 1,
  "slide_dir": "+Y",
  "slide_dist_mm": 50.0,
  "speed_factor_pct": 10.0,
  "speed_mms": 10.0
}